key,value
natural,"tf.Tensor(
[ 0.06987969 -0.02665036  0.01807715  0.06438359 -0.03278277  0.0181637
  0.07564409  0.02809426  0.01643601 -0.00388829], shape=(10,), dtype=float32)"
language,"tf.Tensor(
[-0.04853664 -0.01277771 -0.01243887  0.0943952   0.00139442  0.00283024
  0.00016451  0.05416612 -0.07619877 -0.0525168 ], shape=(10,), dtype=float32)"
processing,"tf.Tensor(
[-0.00502094 -0.04736021  0.03970791 -0.06163983  0.03198572 -0.06049966
  0.04628468 -0.02516452  0.03856346 -0.02050414], shape=(10,), dtype=float32)"
and,"tf.Tensor(
[ 0.00034532  0.03976654 -0.00623233  0.01230063 -0.07948975 -0.0418015
  0.05841801  0.04908593 -0.04031968 -0.03040343], shape=(10,), dtype=float32)"
machine,"tf.Tensor(
[ 4.2505026e-02 -1.1464969e-01  3.7955489e-02  5.7507738e-02
  6.7142121e-02 -6.9355451e-02  1.7563464e-02  5.0569507e-03
  5.5200529e-05 -1.3847822e-02], shape=(10,), dtype=float32)"
learning,"tf.Tensor(
[-0.07462943  0.05874984  0.00573502 -0.02930821 -0.03314826 -0.03917628
 -0.00871486  0.05141836  0.07071424 -0.04415797], shape=(10,), dtype=float32)"
is,"tf.Tensor(
[ 0.02812752  0.03932427 -0.05626551 -0.0230617   0.03189305  0.03873776
  0.07567887 -0.01854157  0.04662045 -0.05486682], shape=(10,), dtype=float32)"
fun,"tf.Tensor(
[-0.0682154  -0.0721793   0.06505111  0.06512886  0.1034489  -0.05257685
  0.0025491   0.0121844  -0.03510746  0.02747022], shape=(10,), dtype=float32)"
exciting,"tf.Tensor(
[ 0.0102281   0.08861399  0.00579825 -0.03397898  0.07917138  0.06704729
  0.03103057 -0.01812457  0.03241307 -0.09288611], shape=(10,), dtype=float32)"
