key,value
natural,"[ 0.00631976  0.01656578 -0.12247871  0.01278215 -0.01642266  0.07506932
  0.01001684  0.03057722  0.00116418  0.0014878 ]"
language,"[ 0.01752145  0.05938615 -0.07097855  0.00232282  0.041226    0.05157354
 -0.0132699   0.0429929  -0.04363841 -0.1420439 ]"
processing,"[-0.01980303 -0.02371561  0.0401728   0.09768243  0.06450517 -0.02268259
  0.00754224  0.07976595  0.08414088  0.06529895]"
and,"[-0.06064481 -0.05283534 -0.054618    0.02845643 -0.1597213  -0.11929538
  0.02138345 -0.05080478 -0.0047552   0.00519994]"
machine,"[ 0.01137636  0.07336214  0.03702808 -0.00967259 -0.09363806 -0.06971911
  0.03527293  0.04653441 -0.0013048   0.05322679]"
learning,"[ 0.09652487  0.02344633 -0.09556542 -0.00589717 -0.09530406  0.04132264
 -0.03199676  0.06223363 -0.02241635 -0.03926276]"
is,"[-0.02680114 -0.0106485   0.07806217 -0.00507074 -0.05207893 -0.01310421
  0.02699061 -0.01788565  0.0805271   0.03629202]"
fun,"[-0.01149979 -0.0554329  -0.00795653  0.05546484  0.03826385  0.03082654
 -0.01039444  0.04023675  0.0470019  -0.06938279]"
exciting,"[ 0.00216558  0.06133168 -0.04365137  0.03119711 -0.05359785 -0.0240247
  0.07893647 -0.02723429 -0.0520279  -0.02425694]"
