key,value
natural,"[-0.00449069 -0.03365138 -0.04674986 -0.00550927 -0.05190611  0.0329351
  0.03361617 -0.023767    0.00087306  0.06694521]"
language,"[-0.03290977  0.08295774 -0.01935059 -0.01090057  0.07566499 -0.0249912
 -0.02514541 -0.07332987  0.07016675 -0.05826836]"
processing,"[ 0.00046145 -0.04293365  0.04521226 -0.01930862  0.01466402  0.00540518
 -0.02165364 -0.00478328 -0.05237217  0.03151577]"
and,"[ 0.00467464  0.003249   -0.00403448 -0.00289074 -0.10111779 -0.06681349
 -0.02060137 -0.00834125 -0.05051516  0.00414456]"
machine,"[-0.03113364 -0.0033717  -0.09638765 -0.019294    0.0144568  -0.03133252
 -0.05020186 -0.0917556   0.0073589   0.06832425]"
learning,"[ 0.05094753 -0.03147576  0.03685911 -0.11472057 -0.10855513 -0.05465
 -0.07774599  0.00060103 -0.01303007  0.0886032 ]"
is,"[-0.02043588  0.01603406  0.00066199  0.01358715  0.06674542 -0.00902587
  0.04531255  0.07117831 -0.02488419  0.05137034]"
fun,"[-0.03443864  0.04356851 -0.0206654  -0.02494742  0.02278611  0.02407437
 -0.01538871 -0.00560103 -0.07718554 -0.08816068]"
exciting,"[-0.03828924 -0.04981188 -0.06691905 -0.09134441  0.07197493  0.08557609
 -0.02609481 -0.04580112 -0.02082227 -0.04554125]"
