{"epochs": 1, "accuracy": 0.06703566759824753, "loss": 9.312089920043945}